x_PS_bead,y_PS_bead,z_PS_bead
22.5568,9.32443,244.552
23.4148,6.69465,243.626
22.7072,10.2325,243.626
-83.4155,-47.8385,132.613
-83.5878,-47.9374,132.887
23.6506,12.5911,243.626
23.7406,10.745,244.552
23.6506,13.5346,243.626
-83.0729,-47.6421,132.068
23.5614,13.4835,242.706
23.6506,12.1194,243.626
23.6506,13.5346,243.626
23.7406,14.7698,244.552
23.6506,13.7704,243.626
23.7406,13.1125,244.552
23.7406,13.8228,244.552
23.6506,14.2422,243.626
23.7964,13.4835,242.706
23.7406,13.586,244.552
23.7406,13.8228,244.552
23.6506,14.0063,243.626
23.8865,13.7704,243.626
23.6506,13.5346,243.626
23.6506,14.0063,243.626
23.8865,14.0063,243.626
23.8865,13.7704,243.626
23.7964,13.7185,242.706
23.7406,13.8228,244.552
23.6506,14.0063,243.626
23.6506,13.7704,243.626
23.6506,13.7704,243.626
23.6506,13.7704,243.626
23.6506,14.0063,243.626
23.6506,13.7704,243.626
23.6506,13.7704,243.626
23.7406,13.8228,244.552
23.7406,13.8228,244.552
23.7406,13.8228,244.552
23.6506,13.7704,243.626
23.6506,13.7704,243.626
23.6506,14.0063,243.626
23.6506,14.0063,243.626
23.6506,14.0063,243.626
23.6506,13.7704,243.626
23.6506,13.7704,243.626
23.6506,14.0063,243.626
23.6506,14.0063,243.626
23.6506,14.0063,243.626
23.6506,13.7704,243.626
23.6506,13.7704,243.626
23.6506,13.7704,243.626
23.6506,13.7704,243.626
23.6506,13.7704,243.626
23.6506,13.7704,243.626
23.6506,13.7704,243.626
23.6506,14.0063,243.626
23.6506,13.7704,243.626
23.6506,13.7704,243.626
23.6506,14.0063,243.626
23.6506,14.0063,243.626
23.7406,13.8228,244.552
23.7406,13.8228,244.552
23.7964,13.9534,242.706
23.6506,14.0063,243.626
23.7406,13.8228,244.552
23.7406,13.8228,244.552
23.7964,13.9534,242.706
23.7964,13.9534,242.706
23.7964,13.9534,242.706
23.8865,14.0063,243.626
23.6506,13.7704,243.626
23.7406,13.8228,244.552
23.7406,13.8228,244.552
23.7406,13.8228,244.552
23.7406,13.8228,244.552
23.7406,14.0596,244.552
23.6506,14.0063,243.626
23.6506,13.7704,243.626
23.6506,13.7704,243.626
23.6506,13.7704,243.626
23.6506,14.0063,243.626
23.6506,14.0063,243.626
23.6506,13.7704,243.626
23.6506,13.7704,243.626
23.6506,14.0063,243.626
23.6506,14.0063,243.626
23.6506,13.7704,243.626
23.7406,13.8228,244.552
23.6506,14.0063,243.626
23.6506,14.0063,243.626
23.7406,13.8228,244.552
23.7964,13.9534,242.706
23.7964,13.9534,242.706
23.6506,14.0063,243.626
23.7406,13.8228,244.552
23.7964,13.9534,242.706
23.6506,14.0063,243.626
23.6506,14.0063,243.626
23.6506,14.0063,243.626
23.6506,14.0063,243.626
23.6506,14.0063,243.626
23.6506,14.0063,243.626
23.6506,14.0063,243.626
23.6506,14.0063,243.626
23.6506,14.0063,243.626
23.6506,14.0063,243.626
23.6506,14.0063,243.626
23.6506,14.0063,243.626
23.6506,14.0063,243.626
23.7964,13.9534,242.706
23.6506,14.0063,243.626
23.6506,14.0063,243.626
23.6506,14.0063,243.626
23.6506,14.0063,243.626
23.6506,14.0063,243.626
23.6506,14.0063,243.626
23.6506,14.0063,243.626
23.6506,14.0063,243.626
23.6506,14.0063,243.626
23.6506,14.0063,243.626
23.6506,14.0063,243.626
23.6506,14.0063,243.626
23.6506,14.0063,243.626
23.6506,14.0063,243.626
23.6506,14.0063,243.626
23.6506,14.0063,243.626
23.6506,14.0063,243.626
23.6506,14.0063,243.626
23.6506,13.7704,243.626
23.6506,14.0063,243.626
23.6506,13.7704,243.626
23.6506,14.0063,243.626
23.6506,14.0063,243.626
23.6506,13.7704,243.626
23.7406,13.8228,244.552
23.7964,13.9534,242.706
23.6506,14.0063,243.626
23.7964,13.9534,242.706
23.6506,13.7704,243.626
23.6506,13.7704,243.626
23.7964,13.9534,242.706
23.6506,14.0063,243.626
23.7406,13.8228,244.552
23.7406,13.8228,244.552
23.7964,13.9534,242.706
23.7964,13.9534,242.706
23.6506,14.0063,243.626
23.7406,13.8228,244.552
23.6506,13.7704,243.626
23.7964,13.4835,242.706
23.7406,12.4023,244.552
23.6506,12.5911,243.626
23.7964,13.4835,242.706
23.8865,13.5346,243.626
23.7406,13.1125,244.552
23.7406,13.1125,244.552
23.8865,13.5346,243.626
23.6506,13.5346,243.626
23.6506,13.2987,243.626
23.6506,13.0629,243.626
23.7406,13.586,244.552
23.8865,13.5346,243.626
23.7406,13.3493,244.552
23.6506,13.2987,243.626
23.7406,13.586,244.552
23.7406,13.586,244.552
23.6506,13.5346,243.626
23.6506,13.2987,243.626
23.6506,13.2987,243.626
23.7406,13.3493,244.552
23.7406,13.3493,244.552
23.7406,13.586,244.552
23.7406,13.3493,244.552
23.7406,13.586,244.552
23.7406,13.3493,244.552
23.7406,13.3493,244.552
23.6506,13.2987,243.626
23.6506,13.2987,243.626
23.6506,13.2987,243.626
23.6506,13.2987,243.626
23.6506,13.2987,243.626
23.7406,13.3493,244.552
23.6506,13.2987,243.626
23.6506,13.2987,243.626
23.6506,13.2987,243.626
23.7406,13.3493,244.552
23.6506,13.2987,243.626
23.6506,13.2987,243.626
23.6506,13.2987,243.626
23.6506,13.2987,243.626
23.6506,13.5346,243.626
23.6506,13.2987,243.626
23.7406,13.3493,244.552
23.7406,13.3493,244.552
23.6506,13.2987,243.626
23.6506,13.2987,243.626
23.6506,13.2987,243.626
23.6506,13.2987,243.626
23.7406,13.3493,244.552
23.6506,13.2987,243.626
23.6506,13.2987,243.626
23.6506,13.2987,243.626
23.6506,13.5346,243.626
23.6506,13.5346,243.626
23.6506,13.2987,243.626
23.6506,13.5346,243.626
23.7406,13.586,244.552
23.7406,13.3493,244.552
23.6506,13.2987,243.626
23.7406,13.586,244.552
23.7406,13.3493,244.552
23.7406,13.3493,244.552
23.7406,13.1125,244.552
23.7406,13.3493,244.552
23.7406,13.3493,244.552
23.6506,13.0629,243.626
23.7406,13.1125,244.552
23.6506,13.2987,243.626
23.6506,13.2987,243.626
23.6506,13.0629,243.626
23.7406,13.1125,244.552
23.6506,13.2987,243.626
23.7406,13.3493,244.552
23.7406,13.1125,244.552
23.7406,13.1125,244.552
23.7406,13.1125,244.552
23.6506,13.2987,243.626
23.6506,13.2987,243.626
23.6506,13.0629,243.626
23.6506,13.0629,243.626
23.6506,13.2987,243.626
23.6506,13.2987,243.626
23.6506,13.2987,243.626
23.6506,13.2987,243.626
23.6506,13.2987,243.626
23.6506,13.2987,243.626
23.6506,13.2987,243.626
23.6506,13.0629,243.626
23.6506,13.5346,243.626
23.6506,13.2987,243.626
23.6506,11.8836,243.626
23.7406,10.5082,244.552
23.7406,11.692,244.552
23.7406,13.1125,244.552
23.7406,12.639,244.552
23.7406,11.4552,244.552
23.7406,11.2185,244.552
23.7406,12.1655,244.552
23.7406,12.4023,244.552
23.7406,11.9287,244.552
23.7406,11.4552,244.552
23.7406,11.9287,244.552
23.7406,12.1655,244.552
23.7406,11.9287,244.552
23.7406,11.692,244.552
23.7406,11.692,244.552
23.7406,11.9287,244.552
23.7406,12.1655,244.552
23.7406,11.9287,244.552
23.7406,11.9287,244.552
23.7406,11.9287,244.552
23.7406,11.9287,244.552
23.7406,11.692,244.552
23.6506,11.6477,243.626
23.7406,11.692,244.552
23.7406,11.692,244.552
23.7406,11.692,244.552
23.7406,11.692,244.552
23.7406,11.692,244.552
23.6506,11.6477,243.626
23.7406,11.9287,244.552
23.6506,12.1194,243.626
23.6506,12.1194,243.626
23.7406,12.4023,244.552
23.6506,12.1194,243.626
23.6506,12.1194,243.626
23.7406,11.9287,244.552
23.7406,11.9287,244.552
23.6506,12.1194,243.626
23.6506,12.1194,243.626
23.6506,12.1194,243.626
23.6506,12.1194,243.626
23.6506,12.1194,243.626
23.6506,12.1194,243.626
23.7406,12.4023,244.552
23.7406,12.4023,244.552
23.6506,12.3553,243.626
23.7406,12.1655,244.552
23.7406,12.1655,244.552
23.7406,12.1655,244.552
23.7406,12.4023,244.552
23.7406,12.4023,244.552
23.7406,12.4023,244.552
23.7406,12.1655,244.552
23.6506,12.1194,243.626
23.6506,12.1194,243.626
23.6506,12.1194,243.626
23.6506,12.1194,243.626
23.6506,12.1194,243.626
23.6506,12.1194,243.626
23.6506,12.1194,243.626
23.7406,12.1655,244.552
23.7406,12.1655,244.552
23.6506,12.1194,243.626
23.6506,12.1194,243.626
23.7406,12.4023,244.552
23.7406,12.4023,244.552
23.7406,12.4023,244.552
23.7406,12.4023,244.552
23.7406,12.4023,244.552
23.6506,12.3553,243.626
23.6506,12.3553,243.626
23.6506,12.1194,243.626
23.6506,12.1194,243.626
23.7406,12.4023,244.552
23.6506,12.3553,243.626
23.7406,12.4023,244.552
23.6506,12.1194,243.626
23.6506,12.1194,243.626
23.6506,12.1194,243.626
23.7406,12.4023,244.552
23.6506,12.1194,243.626
23.6506,12.1194,243.626
23.7406,12.1655,244.552
23.7406,12.1655,244.552
23.7406,11.9287,244.552
23.7406,11.9287,244.552
23.7406,11.9287,244.552
23.7406,11.9287,244.552
23.7406,11.692,244.552
23.7406,10.2715,244.552
23.7406,9.32443,244.552
23.7406,10.2715,244.552
23.7406,11.2185,244.552
23.7406,11.2185,244.552
23.7406,10.2715,244.552
23.7406,10.2715,244.552
23.7406,10.5082,244.552
23.7406,11.2185,244.552
23.7406,10.9817,244.552
23.7406,10.5082,244.552
23.7406,10.5082,244.552
23.7406,10.5082,244.552
23.7406,10.9817,244.552
23.7406,10.745,244.552
23.7406,10.5082,244.552
23.7406,10.5082,244.552
23.7406,10.5082,244.552
23.7406,10.745,244.552
23.7406,10.745,244.552
23.7406,10.5082,244.552
23.7406,10.5082,244.552
23.7406,10.5082,244.552
23.7406,10.5082,244.552
23.7406,10.5082,244.552
23.7406,10.5082,244.552
23.7406,10.5082,244.552
23.7406,10.5082,244.552
23.7406,10.5082,244.552
23.7406,10.5082,244.552
23.7406,10.5082,244.552
23.7406,10.5082,244.552
23.7406,10.745,244.552
23.7406,10.745,244.552
23.7406,10.745,244.552
23.7406,10.5082,244.552
23.7406,10.745,244.552
23.7406,10.745,244.552
23.7406,10.745,244.552
23.7406,10.745,244.552
23.7406,10.745,244.552
23.7406,10.745,244.552
23.7406,10.5082,244.552
23.7406,10.5082,244.552
23.7406,10.5082,244.552
23.7406,10.745,244.552
23.7406,10.745,244.552
23.7406,10.745,244.552
23.7406,10.5082,244.552
23.7406,10.5082,244.552
23.7406,10.5082,244.552
23.7406,10.745,244.552
23.7406,10.5082,244.552
23.7406,10.5082,244.552
23.7406,10.745,244.552
23.7406,10.745,244.552
23.7406,10.745,244.552
23.7406,10.745,244.552
23.7406,10.5082,244.552
23.7406,10.5082,244.552
23.7406,10.745,244.552
23.7406,10.9817,244.552
23.7406,10.9817,244.552
23.7406,10.9817,244.552
23.7406,10.745,244.552
23.7406,10.745,244.552
23.7406,10.745,244.552
23.7406,10.745,244.552
23.7406,10.5082,244.552
23.7406,10.5082,244.552
23.7406,10.5082,244.552
23.7406,10.5082,244.552
23.7406,10.5082,244.552
23.7406,10.5082,244.552
23.7406,10.5082,244.552
23.7406,10.745,244.552
23.7406,10.745,244.552
23.7406,10.745,244.552
23.7406,10.745,244.552
23.7406,10.9817,244.552
23.7406,10.9817,244.552
23.7406,10.9817,244.552
23.7406,10.9817,244.552
23.7406,10.9817,244.552
23.7406,10.9817,244.552
23.7406,10.9817,244.552
23.7406,10.9817,244.552
23.7406,10.9817,244.552
23.7406,10.9817,244.552
23.7406,10.745,244.552
23.7406,9.79794,244.552
23.6506,7.63809,243.626
23.7406,7.90388,244.552
23.7406,9.56118,244.552
23.7406,9.79794,244.552
23.7406,8.3774,244.552
23.7406,7.90388,244.552
23.7406,8.85091,244.552
23.7406,9.56118,244.552
23.7406,9.08767,244.552
23.7406,8.14064,244.552
23.7406,8.3774,244.552
23.7406,9.08767,244.552
23.7406,9.08767,244.552
23.7406,8.85091,244.552
23.7406,8.85091,244.552
23.7406,9.08767,244.552
23.7406,9.08767,244.552
23.7406,9.08767,244.552
23.7406,8.85091,244.552
23.7406,8.85091,244.552
23.7406,8.85091,244.552
23.7406,9.08767,244.552
23.7406,8.85091,244.552
23.7406,8.85091,244.552
23.7406,8.85091,244.552
23.7406,9.08767,244.552
23.7406,9.08767,244.552
23.7406,9.08767,244.552
23.7406,9.08767,244.552
23.7406,9.08767,244.552
23.7406,9.08767,244.552
23.7406,9.08767,244.552
23.7406,8.85091,244.552
23.7406,8.85091,244.552
23.7406,9.08767,244.552
23.7406,9.08767,244.552
23.7406,9.08767,244.552
23.7406,9.08767,244.552
23.7406,8.85091,244.552
23.7406,8.85091,244.552
23.7406,9.08767,244.552
23.7406,9.08767,244.552
23.7406,9.08767,244.552
23.7406,8.85091,244.552
23.7406,8.85091,244.552
23.7406,9.08767,244.552
23.7406,9.08767,244.552
23.7406,9.08767,244.552
23.7406,9.08767,244.552
23.7406,9.08767,244.552
23.7406,9.08767,244.552
23.7406,9.08767,244.552
23.6506,9.05325,243.626
23.7406,9.08767,244.552
23.7406,9.08767,244.552
23.7406,9.08767,244.552
23.7406,8.85091,244.552
23.7406,9.08767,244.552
23.7406,9.08767,244.552
23.7406,9.08767,244.552
23.7406,9.08767,244.552
23.7406,8.85091,244.552
23.7406,9.08767,244.552
23.7406,9.08767,244.552
23.7406,9.08767,244.552
23.7406,8.85091,244.552
23.7406,8.85091,244.552
23.7406,8.85091,244.552
23.7406,8.85091,244.552
23.7406,9.08767,244.552
23.7406,9.08767,244.552
23.7406,8.85091,244.552
23.7406,8.85091,244.552
23.7406,8.85091,244.552
23.7406,8.85091,244.552
23.7406,8.85091,244.552
23.7406,8.61416,244.552
23.7406,8.61416,244.552
23.7406,8.85091,244.552
23.7406,8.85091,244.552
23.7406,8.85091,244.552
23.7406,8.85091,244.552
23.7406,9.08767,244.552
23.7406,9.32443,244.552
23.7406,9.08767,244.552
23.7406,8.85091,244.552
23.7406,8.85091,244.552
23.7406,8.85091,244.552
23.7406,9.08767,244.552
23.7406,8.85091,244.552
23.7406,7.66713,244.552
23.7406,7.19361,244.552
23.7406,7.90388,244.552
23.7406,8.61416,244.552
23.7406,7.66713,244.552
23.7406,7.66713,244.552
23.7406,8.14064,244.552
23.7406,8.14064,244.552
23.7406,7.66713,244.552
23.7406,7.66713,244.552
23.7406,7.90388,244.552
23.8865,7.87395,243.626
23.7406,7.66713,244.552
23.7406,7.66713,244.552
23.7406,7.66713,244.552
23.7406,7.66713,244.552
23.7406,7.66713,244.552
23.7406,7.66713,244.552
23.7406,7.66713,244.552
23.7406,7.66713,244.552
23.8865,7.87395,243.626
23.7406,7.90388,244.552
23.7406,7.66713,244.552
23.7406,7.90388,244.552
23.7406,7.90388,244.552
23.8865,7.87395,243.626
23.8865,7.87395,243.626
23.7406,7.90388,244.552
23.7406,7.90388,244.552
23.8865,7.63809,243.626
23.8865,7.63809,243.626
23.8865,7.87395,243.626
23.7406,7.90388,244.552
23.8865,7.87395,243.626
23.8865,7.87395,243.626
23.7406,7.90388,244.552
23.7406,7.66713,244.552
23.8865,7.87395,243.626
23.7406,7.90388,244.552
23.7406,7.90388,244.552
23.7406,7.90388,244.552
23.7406,7.90388,244.552
23.7406,7.90388,244.552
23.7406,7.90388,244.552
23.7406,7.90388,244.552
23.7406,7.90388,244.552
23.7406,7.90388,244.552
23.7406,7.66713,244.552
23.7406,7.90388,244.552
23.7406,7.90388,244.552
23.7406,7.90388,244.552
23.7406,7.66713,244.552
23.7406,7.66713,244.552
23.7406,7.90388,244.552
23.7406,7.90388,244.552
23.7406,7.90388,244.552
23.7406,7.90388,244.552
23.7406,7.90388,244.552
23.7406,7.90388,244.552
23.7406,7.90388,244.552
23.7406,7.90388,244.552
23.7406,7.90388,244.552
23.7406,7.90388,244.552
23.7406,7.90388,244.552
23.7406,7.90388,244.552
23.7406,7.90388,244.552
23.7406,7.66713,244.552
23.7406,7.90388,244.552
23.7406,7.66713,244.552
23.7406,7.66713,244.552
23.7406,7.90388,244.552
23.7406,7.90388,244.552
23.7406,7.90388,244.552
23.7406,7.90388,244.552
23.7406,7.90388,244.552
23.7406,7.90388,244.552
23.7406,7.90388,244.552
23.7406,7.90388,244.552
23.7406,7.90388,244.552
23.7406,7.90388,244.552
23.7406,7.90388,244.552
23.7406,7.90388,244.552
23.7406,7.90388,244.552
23.7406,7.90388,244.552
23.7406,7.90388,244.552
23.7406,7.90388,244.552
23.7406,7.90388,244.552
23.7406,7.90388,244.552
23.7406,7.90388,244.552
24.1224,6.69465,243.626
24.1224,2.92089,243.626
24.3582,2.21331,243.626
24.0313,5.25956,242.706
24.1224,6.93051,243.626
24.1224,5.27949,243.626
24.1224,3.62847,243.626
24.1224,4.33605,243.626
24.2141,6.24659,244.552
24.2141,6.48334,244.552
24.2141,5.0628,244.552
24.2141,5.0628,244.552
24.1224,5.98707,243.626
24.1224,6.45879,243.626
24.2141,5.77307,244.552
24.2141,5.0628,244.552
24.2141,5.77307,244.552
24.2141,6.48334,244.552
24.2141,5.77307,244.552
24.2141,5.0628,244.552
24.2141,5.29956,244.552
24.2141,6.00983,244.552
24.2141,5.77307,244.552
24.2141,5.29956,244.552
24.2141,5.29956,244.552
24.2141,5.77307,244.552
24.1224,5.98707,243.626
24.2141,5.53632,244.552
24.2141,5.29956,244.552
24.2141,5.29956,244.552
24.2141,5.77307,244.552
24.2141,5.77307,244.552
24.2141,5.29956,244.552
24.2141,5.29956,244.552
24.2141,5.77307,244.552
24.2141,5.77307,244.552
24.2141,5.77307,244.552
24.2141,5.53632,244.552
24.2141,5.77307,244.552
24.2141,5.77307,244.552
24.2141,5.77307,244.552
24.2141,5.53632,244.552
24.2141,5.77307,244.552
24.2141,5.77307,244.552
24.2141,5.77307,244.552
24.2141,5.77307,244.552
24.2141,5.53632,244.552
24.2141,5.53632,244.552
24.2141,5.53632,244.552
24.2141,5.77307,244.552
24.2141,5.77307,244.552
24.2141,5.53632,244.552
24.2141,5.29956,244.552
24.2141,5.53632,244.552
24.2141,5.77307,244.552
24.2141,5.77307,244.552
24.2141,5.53632,244.552
24.2141,5.53632,244.552
24.2141,5.77307,244.552
24.2141,5.77307,244.552
24.2141,5.77307,244.552
24.2141,5.53632,244.552
24.2141,5.53632,244.552
24.2141,5.53632,244.552
24.2141,5.29956,244.552
24.2141,5.53632,244.552
24.2141,5.53632,244.552
24.2141,5.77307,244.552
24.2141,5.29956,244.552
24.2141,5.29956,244.552
24.2141,5.53632,244.552
24.2141,5.77307,244.552
24.2141,5.53632,244.552
24.2141,5.29956,244.552
24.2141,5.53632,244.552
24.2141,6.00983,244.552
24.2141,6.00983,244.552
24.2141,5.77307,244.552
24.2141,5.77307,244.552
24.2141,6.00983,244.552
24.2141,6.00983,244.552
24.2141,5.77307,244.552
24.2141,5.53632,244.552
24.2141,5.77307,244.552
24.2141,5.77307,244.552
24.2141,5.77307,244.552
24.2141,5.77307,244.552
24.2141,5.77307,244.552
24.2141,6.00983,244.552
24.2141,5.77307,244.552
24.2141,5.77307,244.552
24.4508,5.0628,244.552
24.4508,3.87902,244.552
24.4508,3.40551,244.552
24.4508,4.82605,244.552
24.5941,5.75121,243.626
24.6876,5.53632,244.552
24.6876,4.58929,244.552
24.6876,4.35253,244.552
24.6876,4.82605,244.552
24.6876,5.53632,244.552
24.5941,5.27949,243.626
24.5941,4.80777,243.626
24.5941,4.80777,243.626
24.5941,5.04363,243.626
24.5941,5.51535,243.626
24.6876,5.53632,244.552
24.6876,5.0628,244.552
24.6876,5.0628,244.552
24.5941,5.51535,243.626
24.5941,5.75121,243.626
24.5941,5.51535,243.626
24.5941,5.04363,243.626
24.5941,5.27949,243.626
24.6876,5.53632,244.552
24.6876,5.29956,244.552
24.6876,5.29956,244.552
24.6876,5.53632,244.552
24.5941,5.27949,243.626
24.5941,5.04363,243.626
24.6876,5.0628,244.552
24.5941,5.27949,243.626
24.5941,5.27949,243.626
24.6876,5.0628,244.552
24.6876,5.0628,244.552
24.5941,5.04363,243.626
24.5941,5.04363,243.626
24.6876,4.82605,244.552
24.6876,4.82605,244.552
24.6876,4.82605,244.552
24.6876,4.82605,244.552
24.6876,5.0628,244.552
24.5941,4.80777,243.626
24.6876,4.82605,244.552
24.6876,4.82605,244.552
24.5941,5.04363,243.626
24.5941,5.51535,243.626
24.5941,5.51535,243.626
24.6876,5.29956,244.552
24.6876,5.53632,244.552
24.5941,5.51535,243.626
24.5941,5.51535,243.626
24.5941,5.04363,243.626
24.6876,4.82605,244.552
24.5941,5.04363,243.626
24.5941,5.27949,243.626
24.5941,5.27949,243.626
24.5941,5.04363,243.626
24.6876,4.82605,244.552
24.6876,4.82605,244.552
24.6876,5.0628,244.552
24.5941,5.27949,243.626
24.5941,5.04363,243.626
24.6876,4.82605,244.552
24.5941,4.80777,243.626
24.6876,5.0628,244.552
24.6876,5.0628,244.552
24.5941,5.04363,243.626
24.5941,5.04363,243.626
24.6876,5.0628,244.552
24.5941,5.04363,243.626
24.6876,5.0628,244.552
24.6876,5.0628,244.552
24.6876,4.82605,244.552
24.5941,5.04363,243.626
24.5941,5.27949,243.626
24.5941,5.27949,243.626
24.6876,5.0628,244.552
24.5941,4.80777,243.626
24.6876,4.82605,244.552
24.5941,5.04363,243.626
24.5941,5.04363,243.626
24.5941,4.80777,243.626
24.6876,4.82605,244.552
24.5941,4.80777,243.626
24.6876,4.82605,244.552
24.5941,4.80777,243.626
24.6876,4.82605,244.552
24.6876,4.82605,244.552
24.5941,4.80777,243.626
24.6876,4.82605,244.552
24.6876,5.0628,244.552
25.0658,3.15675,243.626
25.0658,1.74159,243.626
25.0658,2.92089,243.626
25.0658,4.80777,243.626
25.3017,4.80777,243.626
25.3979,3.87902,244.552
25.3017,3.15675,243.626
25.3017,3.62847,243.626
25.1611,4.35253,244.552
25.1611,4.82605,244.552
25.1611,4.58929,244.552
25.1611,4.11578,244.552
25.1611,3.87902,244.552
25.0658,4.10019,243.626
25.0658,4.80777,243.626
25.0658,4.80777,243.626
25.0658,4.80777,243.626
25.1611,4.35253,244.552
25.1611,4.35253,244.552
25.1611,4.82605,244.552
25.1611,4.82605,244.552
25.1611,4.82605,244.552
25.1611,4.58929,244.552
25.1611,4.35253,244.552
25.1611,4.58929,244.552
25.0658,4.80777,243.626
25.1611,4.82605,244.552
25.1611,4.58929,244.552
25.1611,4.35253,244.552
25.1611,4.82605,244.552
25.1611,4.82605,244.552
25.1611,4.82605,244.552
25.1611,4.82605,244.552
25.1611,4.82605,244.552
25.1611,4.82605,244.552
25.1611,4.82605,244.552
25.0658,5.04363,243.626
25.0658,5.04363,243.626
25.1611,5.0628,244.552
25.1611,4.82605,244.552
25.1611,4.82605,244.552
25.1611,4.82605,244.552
25.1611,4.82605,244.552
25.1611,4.82605,244.552
25.1611,4.82605,244.552
25.1611,4.82605,244.552
25.1611,4.82605,244.552
25.1611,4.82605,244.552
25.1611,4.58929,244.552
25.1611,4.58929,244.552
25.1611,4.58929,244.552
25.1611,4.82605,244.552
25.1611,4.82605,244.552
25.1611,4.82605,244.552
25.1611,4.82605,244.552
25.1611,4.82605,244.552
25.1611,4.58929,244.552
25.1611,4.82605,244.552
25.1611,4.82605,244.552
25.1611,4.82605,244.552
25.1611,4.82605,244.552
25.1611,4.82605,244.552
25.1611,5.0628,244.552
25.1611,5.0628,244.552
25.1611,4.82605,244.552
25.1611,4.82605,244.552
25.1611,5.0628,244.552
25.1611,5.0628,244.552
25.0658,5.04363,243.626
25.0658,5.04363,243.626
25.1611,4.82605,244.552
25.1611,4.82605,244.552
25.1611,4.82605,244.552
25.0658,5.04363,243.626
25.0658,5.04363,243.626
25.1611,4.82605,244.552
25.1611,4.58929,244.552
25.1611,4.58929,244.552
25.1611,4.82605,244.552
25.1611,4.82605,244.552
25.1611,4.58929,244.552
25.1611,4.35253,244.552
25.1611,4.35253,244.552
25.0658,4.57191,243.626
25.0658,4.80777,243.626
25.1611,4.35253,244.552
25.1611,4.11578,244.552
25.1611,4.11578,244.552
25.1611,4.35253,244.552
25.1611,4.35253,244.552
25.8714,4.11578,244.552
25.8714,3.16875,244.552
25.7734,2.44917,243.626
25.7734,2.92089,243.626
25.6346,3.64226,244.552
25.7734,4.10019,243.626
25.6346,3.87902,244.552
25.5375,3.62847,243.626
25.5375,3.62847,243.626
25.5375,3.86433,243.626
25.5375,4.10019,243.626
25.5375,4.10019,243.626
25.5375,3.62847,243.626
25.5375,3.62847,243.626
25.6346,3.64226,244.552
25.6346,3.87902,244.552
25.6346,4.35253,244.552
25.6346,4.58929,244.552
25.6346,4.35253,244.552
25.6346,3.87902,244.552
25.6346,3.87902,244.552
25.5375,4.33605,243.626
25.5375,4.80777,243.626
25.5375,4.80777,243.626
25.5375,4.80777,243.626
25.6346,4.58929,244.552
25.6346,4.58929,244.552
25.7734,4.80777,243.626
25.6346,4.82605,244.552
25.6346,4.82605,244.552
25.5375,4.80777,243.626
25.6346,4.82605,244.552
25.5375,4.80777,243.626
25.5375,4.80777,243.626
25.6346,4.82605,244.552
25.6346,4.82605,244.552
25.5375,4.80777,243.626
25.6346,4.82605,244.552
25.5375,4.80777,243.626
25.5375,4.80777,243.626
25.5375,4.80777,243.626
25.5375,4.80777,243.626
25.5375,4.80777,243.626
25.6346,4.82605,244.552
25.5375,4.57191,243.626
25.6346,4.58929,244.552
25.6346,4.58929,244.552
25.5375,4.57191,243.626
25.5375,4.80777,243.626
25.5375,4.80777,243.626
25.5375,4.80777,243.626
25.5375,4.57191,243.626
25.5375,4.10019,243.626
25.5375,4.57191,243.626
25.5375,4.80777,243.626
25.5375,4.80777,243.626
25.5375,4.80777,243.626
25.5375,4.80777,243.626
25.5375,4.80777,243.626
25.5375,4.57191,243.626
25.6346,4.58929,244.552
25.6346,4.58929,244.552
25.5375,4.57191,243.626
25.5375,4.33605,243.626
25.6346,4.11578,244.552
25.5375,4.10019,243.626
25.5375,4.33605,243.626
25.6346,4.58929,244.552
25.6346,4.82605,244.552
25.6346,4.58929,244.552
25.5375,4.33605,243.626
25.5375,4.33605,243.626
25.5375,4.33605,243.626
25.6346,4.11578,244.552
25.5375,3.86433,243.626
25.6346,3.87902,244.552
25.6346,3.87902,244.552
25.5375,3.86433,243.626
25.5375,4.10019,243.626
25.5375,4.10019,243.626
25.6346,3.87902,244.552
25.5375,4.10019,243.626
25.5375,4.10019,243.626
25.5375,4.33605,243.626
25.6346,4.58929,244.552
25.6346,4.58929,244.552
25.5375,4.57191,243.626
25.5375,4.80777,243.626
25.6346,4.82605,244.552
25.5375,4.80777,243.626
25.5375,4.57191,243.626
25.8714,3.87902,244.552
25.8714,2.93199,244.552
25.8714,2.69524,244.552
25.8714,3.64226,244.552
25.8714,4.35253,244.552
25.8714,4.58929,244.552
25.8714,4.11578,244.552
25.8714,3.87902,244.552
26.1081,3.87902,244.552
26.1081,3.87902,244.552
26.1081,3.87902,244.552
26.1081,3.87902,244.552
26.1081,3.64226,244.552
26.1081,3.64226,244.552
26.1081,3.64226,244.552
26.1081,3.87902,244.552
26.1081,3.87902,244.552
26.1081,4.11578,244.552
26.1081,4.11578,244.552
26.1081,3.87902,244.552
26.1081,3.87902,244.552
26.1081,3.87902,244.552
26.1081,3.87902,244.552
26.1081,3.87902,244.552
26.1081,3.87902,244.552
26.1081,3.87902,244.552
26.1081,3.64226,244.552
26.1081,3.64226,244.552
26.1081,3.40551,244.552
26.1081,3.16875,244.552
26.1081,3.16875,244.552
26.1081,3.40551,244.552
26.1081,3.64226,244.552
26.1081,3.87902,244.552
26.1081,3.87902,244.552
26.1081,3.87902,244.552
26.1081,3.87902,244.552
26.1081,4.11578,244.552
26.1081,4.35253,244.552
26.1081,4.11578,244.552
26.1081,3.87902,244.552
26.1081,3.87902,244.552
26.1081,3.87902,244.552
26.1081,4.11578,244.552
26.1081,4.35253,244.552
26.1081,4.11578,244.552
26.1081,4.11578,244.552
26.1081,3.87902,244.552
26.1081,3.87902,244.552
26.1081,3.87902,244.552
26.1081,3.40551,244.552
26.1081,3.40551,244.552
26.1081,3.16875,244.552
26.1081,3.40551,244.552
26.1081,3.40551,244.552
26.1081,3.40551,244.552
26.1081,3.40551,244.552
26.1081,3.40551,244.552
26.1081,3.40551,244.552
26.1081,3.40551,244.552
26.1081,3.40551,244.552
26.1081,3.40551,244.552
26.1081,3.40551,244.552
26.1081,3.64226,244.552
26.1081,3.87902,244.552
26.1081,4.11578,244.552
26.1081,4.11578,244.552
26.1081,4.11578,244.552
26.1081,3.87902,244.552
26.1081,3.87902,244.552
26.1081,4.11578,244.552
26.1081,4.35253,244.552
26.1081,4.11578,244.552
25.9701,3.65617,245.485
25.9701,3.41851,245.485
26.1081,3.87902,244.552
26.1081,4.58929,244.552
26.1081,4.82605,244.552
26.1081,4.11578,244.552
26.1081,3.87902,244.552
26.1081,3.87902,244.552
26.1081,4.11578,244.552
26.1081,4.58929,244.552
26.0092,4.80777,243.626
26.0092,4.80777,243.626
26.1081,4.58929,244.552
26.1081,4.11578,244.552
26.1081,3.87902,244.552
26.1081,4.11578,244.552
26.1081,4.11578,244.552
26.2451,4.33605,243.626
26.2451,3.62847,243.626
26.2451,2.21331,243.626
26.2451,2.21331,243.626
26.2451,3.62847,243.626
26.2451,4.57191,243.626
26.481,4.10019,243.626
26.481,3.15675,243.626
26.481,2.44917,243.626
26.481,2.92089,243.626
26.481,3.62847,243.626
26.481,4.33605,243.626
26.481,4.57191,243.626
26.481,3.86433,243.626
26.481,3.39261,243.626
26.481,3.39261,243.626
26.481,3.62847,243.626
26.481,3.86433,243.626
26.481,4.10019,243.626
26.481,4.10019,243.626
26.481,3.86433,243.626
26.481,3.39261,243.626
26.481,3.15675,243.626
26.481,3.39261,243.626
26.481,3.62847,243.626
26.481,3.86433,243.626
26.481,3.86433,243.626
26.481,3.86433,243.626
26.481,3.86433,243.626
26.481,3.86433,243.626
26.481,3.86433,243.626
26.481,3.86433,243.626
26.481,3.62847,243.626
26.481,3.62847,243.626
26.481,3.62847,243.626
26.481,3.62847,243.626
26.481,3.86433,243.626
26.481,3.86433,243.626
26.481,3.86433,243.626
26.481,3.86433,243.626
26.481,3.86433,243.626
26.481,3.62847,243.626
26.481,3.62847,243.626
26.481,3.62847,243.626
26.481,3.86433,243.626
26.481,4.10019,243.626
26.481,4.10019,243.626
26.481,4.10019,243.626
26.481,4.10019,243.626
26.481,4.10019,243.626
26.481,4.10019,243.626
26.481,4.10019,243.626
26.481,4.33605,243.626
26.481,4.57191,243.626
26.481,4.10019,243.626
26.481,3.62847,243.626
26.481,3.39261,243.626
26.481,3.15675,243.626
26.481,3.15675,243.626
26.481,3.62847,243.626
26.481,3.86433,243.626
26.481,4.10019,243.626
26.481,4.57191,243.626
26.481,4.57191,243.626
26.481,4.57191,243.626
26.481,4.33605,243.626
26.481,4.10019,243.626
26.481,4.33605,243.626
26.481,4.10019,243.626
26.481,3.86433,243.626
26.3449,3.64226,244.552
26.481,3.62847,243.626
26.481,3.39261,243.626
26.481,3.62847,243.626
26.481,3.86433,243.626
26.481,4.57191,243.626
26.481,4.57191,243.626
26.481,4.33605,243.626
26.481,3.86433,243.626
26.481,3.39261,243.626
26.481,3.39261,243.626
26.481,3.62847,243.626
26.481,3.86433,243.626
26.481,4.33605,243.626
26.481,4.57191,243.626
26.481,4.10019,243.626
26.481,3.86433,243.626
26.481,3.86433,243.626
26.481,3.86433,243.626
26.481,4.10019,243.626
26.481,4.10019,243.626
27.2919,3.40551,244.552
27.2919,3.16875,244.552
27.1885,3.39261,243.626
27.1885,4.10019,243.626
27.1885,4.80777,243.626
27.0552,5.0628,244.552
26.9527,4.80777,243.626
26.9527,4.80777,243.626
26.9527,5.27949,243.626
26.8184,5.53632,244.552
26.9527,5.27949,243.626
26.9527,5.04363,243.626
26.9527,5.27949,243.626
26.9527,5.51535,243.626
26.9527,5.27949,243.626
26.9527,5.27949,243.626
27.0552,5.29956,244.552
27.0552,5.53632,244.552
27.0552,5.53632,244.552
27.0552,5.29956,244.552
27.0552,5.29956,244.552
27.0552,5.53632,244.552
26.9527,5.27949,243.626
26.9527,5.27949,243.626
26.9527,5.51535,243.626
26.9527,5.51535,243.626
26.9527,5.51535,243.626
26.9527,5.51535,243.626
26.9527,5.51535,243.626
26.9527,5.51535,243.626
26.9527,5.51535,243.626
26.9527,5.51535,243.626
26.9527,5.51535,243.626
26.9527,5.51535,243.626
26.9527,5.51535,243.626
26.9527,5.51535,243.626
27.0552,5.53632,244.552
26.9527,5.51535,243.626
26.9527,5.75121,243.626
26.9527,5.75121,243.626
26.9527,5.75121,243.626
26.9527,5.75121,243.626
26.9527,5.51535,243.626
27.0552,5.53632,244.552
27.0552,5.77307,244.552
26.9527,5.75121,243.626
26.9527,5.51535,243.626
27.0552,5.53632,244.552
27.0552,5.77307,244.552
27.0552,5.77307,244.552
26.9527,5.51535,243.626
26.9527,5.51535,243.626
26.9527,5.51535,243.626
26.9527,5.75121,243.626
27.0552,5.53632,244.552
26.9527,5.27949,243.626
26.9527,5.51535,243.626
26.9527,5.75121,243.626
27.0552,5.53632,244.552
26.9527,5.27949,243.626
26.9527,5.51535,243.626
26.9527,5.75121,243.626
26.9527,5.75121,243.626
27.0552,5.53632,244.552
27.0552,5.53632,244.552
26.9527,5.51535,243.626
26.9527,5.51535,243.626
26.9527,5.27949,243.626
26.9527,5.51535,243.626
26.9527,5.51535,243.626
26.9527,5.27949,243.626
26.9527,5.27949,243.626
26.9527,5.27949,243.626
26.9527,5.51535,243.626
26.9527,5.27949,243.626
26.9527,5.27949,243.626
26.9527,5.51535,243.626
26.9527,5.75121,243.626
26.9527,5.75121,243.626
26.9527,5.51535,243.626
26.9527,5.51535,243.626
26.9527,5.75121,243.626
26.9527,5.75121,243.626
26.9527,5.51535,243.626
26.9527,5.51535,243.626
26.9527,5.75121,243.626
26.9527,5.51535,243.626
26.9527,5.51535,243.626
26.9527,5.75121,243.626
26.9527,5.51535,243.626
27.0552,5.53632,244.552
27.1885,5.04363,243.626
27.2919,4.58929,244.552
27.2919,4.58929,244.552
27.2919,5.0628,244.552
27.2919,5.77307,244.552
27.1885,5.51535,243.626
27.4244,5.04363,243.626
27.4244,5.04363,243.626
27.4244,5.51535,243.626
27.4244,5.75121,243.626
27.4244,5.51535,243.626
27.4244,5.27949,243.626
27.4244,5.51535,243.626
27.4244,5.75121,243.626
27.2919,5.53632,244.552
27.2919,5.29956,244.552
27.4244,5.27949,243.626
27.4244,5.51535,243.626
27.4244,5.75121,243.626
27.4244,5.51535,243.626
27.4244,5.51535,243.626
27.4244,5.51535,243.626
27.4244,5.51535,243.626
27.4244,5.51535,243.626
27.4244,5.51535,243.626
27.4244,5.75121,243.626
27.4244,5.51535,243.626
27.4244,5.51535,243.626
27.4244,5.51535,243.626
27.4244,5.27949,243.626
27.4244,5.51535,243.626
27.4244,5.51535,243.626
27.4244,5.51535,243.626
27.4244,5.27949,243.626
27.4244,5.27949,243.626
27.4244,5.51535,243.626
27.4244,5.51535,243.626
27.4244,5.27949,243.626
27.4244,5.27949,243.626
27.4244,5.27949,243.626
27.4244,5.51535,243.626
27.4244,5.51535,243.626
27.4244,5.27949,243.626
27.4244,5.27949,243.626
27.4244,5.51535,243.626
27.4244,5.51535,243.626
27.4244,5.27949,243.626
27.4244,5.51535,243.626
27.4244,5.51535,243.626
27.4244,5.51535,243.626
27.4244,5.27949,243.626
27.4244,5.27949,243.626
27.4244,5.51535,243.626
27.4244,5.51535,243.626
27.4244,5.27949,243.626
27.4244,5.27949,243.626
27.4244,5.27949,243.626
27.4244,5.51535,243.626
27.4244,5.51535,243.626
27.4244,5.51535,243.626
27.4244,5.51535,243.626
27.4244,5.51535,243.626
27.2919,5.77307,244.552
27.4244,5.75121,243.626
27.4244,5.75121,243.626
27.4244,5.75121,243.626
27.4244,5.75121,243.626
27.4244,5.51535,243.626
27.4244,5.51535,243.626
27.4244,5.51535,243.626
27.4244,5.51535,243.626
27.4244,5.51535,243.626
27.4244,5.51535,243.626
27.4244,5.51535,243.626
27.2919,5.77307,244.552
27.2919,5.77307,244.552
27.2919,5.77307,244.552
27.2919,5.77307,244.552
27.2919,5.77307,244.552
27.2919,5.77307,244.552
27.2919,5.53632,244.552
27.2919,5.53632,244.552
27.2919,5.53632,244.552
27.2919,5.77307,244.552
27.2919,5.77307,244.552
27.2919,5.77307,244.552
27.2919,5.53632,244.552
27.2919,5.77307,244.552
27.2919,5.77307,244.552
27.2919,5.53632,244.552
27.4244,5.51535,243.626
27.2919,5.53632,244.552
27.2919,5.77307,244.552
27.2919,5.77307,244.552
27.2919,5.53632,244.552
27.2919,5.77307,244.552
27.2919,5.77307,244.552
27.4244,5.75121,243.626
27.2919,5.53632,244.552
27.4244,5.51535,243.626
27.4244,5.75121,243.626
27.2919,5.77307,244.552
27.2919,5.77307,244.552
27.4244,5.75121,243.626
27.2919,5.77307,244.552
27.2919,5.53632,244.552
27.4244,5.51535,243.626
27.4244,5.51535,243.626
27.4244,5.51535,243.626
27.4244,5.51535,243.626
27.4244,5.27949,243.626
27.4244,5.04363,243.626
27.4244,5.27949,243.626
27.4244,5.27949,243.626
27.4244,5.27949,243.626
27.4244,5.27949,243.626
27.4244,5.27949,243.626
27.4244,5.51535,243.626
27.4244,5.51535,243.626
27.4244,5.27949,243.626
27.4244,5.27949,243.626
27.4244,5.27949,243.626
27.4244,5.27949,243.626
27.4244,5.27949,243.626
27.4244,5.27949,243.626
27.4244,5.04363,243.626
27.4244,5.04363,243.626
27.4244,5.27949,243.626
27.4244,5.51535,243.626
27.4244,5.27949,243.626
27.4244,5.27949,243.626
27.4244,5.27949,243.626
27.4244,5.51535,243.626
27.4244,5.51535,243.626
27.4244,5.27949,243.626
27.4244,5.04363,243.626
27.4244,5.27949,243.626
27.4244,5.51535,243.626
27.4244,5.27949,243.626
27.4244,5.27949,243.626
27.4244,5.51535,243.626
27.4244,5.51535,243.626
27.4244,5.27949,243.626
27.4244,5.27949,243.626
27.4244,5.27949,243.626
27.4244,5.51535,243.626
27.4244,5.75121,243.626
27.4244,5.51535,243.626
27.4244,5.51535,243.626
27.4244,5.51535,243.626
27.4244,5.51535,243.626
27.4244,5.51535,243.626
27.4244,5.51535,243.626
27.4244,5.51535,243.626
27.4244,5.51535,243.626
27.4244,5.51535,243.626
27.4244,5.51535,243.626
27.4244,5.51535,243.626
27.4244,5.27949,243.626
27.4244,5.27949,243.626
27.4244,5.51535,243.626
27.4244,5.51535,243.626
27.4244,5.27949,243.626
27.4244,5.27949,243.626
27.4244,5.27949,243.626
27.4244,5.51535,243.626
27.4244,5.27949,243.626
27.4244,5.27949,243.626
27.4244,5.27949,243.626
27.4244,5.51535,243.626
27.4244,5.51535,243.626
27.4244,5.27949,243.626
27.4244,5.27949,243.626
27.4244,5.51535,243.626
27.4244,5.75121,243.626
27.4244,5.51535,243.626
27.4244,5.51535,243.626
27.4244,5.51535,243.626
27.4244,5.75121,243.626
27.4244,5.75121,243.626
27.4244,5.75121,243.626
27.4244,5.75121,243.626
27.4244,5.75121,243.626
27.4244,5.75121,243.626
27.4244,5.75121,243.626
27.4244,5.75121,243.626
27.4244,5.75121,243.626
27.4244,5.51535,243.626
27.4244,5.51535,243.626
27.4244,5.75121,243.626
27.4244,5.75121,243.626
27.4244,5.51535,243.626
27.4244,5.51535,243.626
27.2919,5.53632,244.552
27.4244,5.75121,243.626
27.4244,5.51535,243.626
27.2919,5.53632,244.552
27.4244,5.75121,243.626
27.4244,5.75121,243.626
27.4244,5.51535,243.626
27.4244,5.51535,243.626
27.4244,5.75121,243.626
27.4244,5.98707,243.626
27.4244,5.51535,243.626
27.4244,5.51535,243.626
27.4244,5.75121,243.626
27.4244,5.75121,243.626
27.4244,5.51535,243.626
27.4244,5.27949,243.626
27.4244,5.51535,243.626
27.4244,5.75121,243.626
27.4244,5.51535,243.626
27.4244,5.51535,243.626
27.4244,5.75121,243.626
27.2919,6.00983,244.552
27.2919,5.77307,244.552
27.2919,5.53632,244.552
27.2919,5.77307,244.552
27.4244,5.75121,243.626
27.2919,5.77307,244.552
27.2919,5.77307,244.552
27.4244,5.75121,243.626
27.4244,5.75121,243.626
27.2919,5.77307,244.552
27.4244,5.75121,243.626
27.4244,5.75121,243.626
27.4244,5.75121,243.626
27.2919,5.53632,244.552
27.2919,5.77307,244.552
27.4244,5.75121,243.626
27.4244,5.75121,243.626
27.2919,5.77307,244.552
27.2919,5.77307,244.552
27.2919,5.77307,244.552
27.4244,5.51535,243.626
27.4244,5.75121,243.626
27.4244,5.75121,243.626
27.4244,5.75121,243.626
27.4244,5.75121,243.626
27.4244,5.75121,243.626
27.4244,5.75121,243.626
27.4244,5.75121,243.626
27.4244,5.75121,243.626
27.4244,5.75121,243.626
27.4244,5.75121,243.626
27.2919,5.77307,244.552
27.4244,5.75121,243.626
27.4244,5.75121,243.626
27.4244,5.75121,243.626
27.2919,5.77307,244.552
27.2919,5.77307,244.552
27.4244,5.75121,243.626
27.4244,5.75121,243.626
27.4244,5.75121,243.626
27.4244,5.75121,243.626
27.4244,5.75121,243.626
27.4244,5.75121,243.626
27.4244,5.75121,243.626
27.4244,5.75121,243.626
27.4244,5.98707,243.626
27.2919,6.00983,244.552
27.4244,5.98707,243.626
27.4244,5.75121,243.626
27.4244,5.98707,243.626
27.4244,5.98707,243.626
27.4244,5.75121,243.626
27.4244,5.75121,243.626
27.4244,5.98707,243.626
27.4244,5.75121,243.626
27.4244,5.75121,243.626
27.4244,5.75121,243.626
27.4244,5.75121,243.626
27.4244,5.75121,243.626
27.4244,5.75121,243.626
27.4244,5.51535,243.626
27.4244,5.51535,243.626
27.4244,5.75121,243.626
27.4244,5.75121,243.626
27.4244,5.51535,243.626
27.4244,5.51535,243.626
27.4244,5.75121,243.626
27.4244,5.75121,243.626
27.4244,5.51535,243.626
27.4244,5.51535,243.626
27.4244,5.75121,243.626
27.4244,5.75121,243.626
27.4244,5.51535,243.626
27.4244,5.51535,243.626
27.4244,5.75121,243.626
27.4244,5.75121,243.626
27.4244,5.75121,243.626
27.4244,5.75121,243.626
27.4244,5.98707,243.626
27.4244,5.98707,243.626
27.4244,5.75121,243.626
27.4244,5.75121,243.626
27.4244,5.98707,243.626
27.4244,5.98707,243.626
27.4244,5.75121,243.626
27.4244,5.75121,243.626
27.4244,5.75121,243.626
27.4244,5.98707,243.626
27.4244,5.75121,243.626
27.4244,5.75121,243.626
27.4244,5.98707,243.626
27.4244,5.98707,243.626
27.4244,5.75121,243.626
27.4244,5.75121,243.626
27.4244,5.98707,243.626
27.4244,6.22293,243.626
27.4244,5.75121,243.626
27.4244,5.75121,243.626
27.4244,5.75121,243.626
27.4244,5.98707,243.626
27.4244,5.75121,243.626
27.4244,5.75121,243.626
27.4244,5.98707,243.626
27.4244,5.98707,243.626
27.4244,5.75121,243.626
27.4244,5.75121,243.626
27.4244,5.75121,243.626
27.4244,5.98707,243.626
27.4244,5.75121,243.626
27.4244,5.75121,243.626
27.4244,5.75121,243.626
27.4244,5.75121,243.626
27.4244,5.75121,243.626
27.4244,5.27949,243.626
27.4244,5.51535,243.626
27.2919,5.53632,244.552
27.4244,5.51535,243.626
27.4244,5.27949,243.626
27.4244,5.27949,243.626
27.4244,5.51535,243.626
27.4244,5.27949,243.626
27.4244,5.04363,243.626
27.4244,4.80777,243.626
27.4244,5.04363,243.626
27.2919,5.0628,244.552
27.2919,4.82605,244.552
27.4244,4.80777,243.626
27.2919,4.82605,244.552
27.2919,5.0628,244.552
27.2919,4.82605,244.552
27.4244,4.57191,243.626
27.4244,4.57191,243.626
27.2919,4.82605,244.552
27.2919,4.82605,244.552
27.2919,4.82605,244.552
27.2919,4.82605,244.552
27.4244,4.57191,243.626
27.4244,4.57191,243.626
27.2919,4.35253,244.552
27.2919,4.58929,244.552
27.4244,4.57191,243.626
27.4244,4.57191,243.626
27.4244,4.10019,243.626
27.4244,3.39261,243.626
27.4244,3.86433,243.626
27.2919,3.87902,244.552
27.4244,3.15675,243.626
27.2919,2.69524,244.552
27.2919,2.69524,244.552
27.2919,2.45848,244.552
27.1885,2.21331,243.626
27.1885,2.92089,243.626
27.1885,3.62847,243.626
27.1885,3.62847,243.626
27.1885,4.33605,243.626
27.1885,4.57191,243.626
27.2919,5.53632,244.552
27.4244,8.58153,243.626
27.4244,9.99669,243.626
27.4244,10.7043,243.626
27.4244,10.7043,243.626
27.2919,11.692,244.552
27.2919,11.692,244.552
27.2919,10.9817,244.552
27.2919,10.9817,244.552
27.2919,10.2715,244.552
27.2919,9.79794,244.552
27.1885,9.76083,243.626
27.1885,8.10981,243.626
27.0552,6.24659,244.552
27.0552,5.29956,244.552
27.1885,4.33605,243.626
27.2919,2.69524,244.552
27.1885,4.10019,243.626
27.1885,3.86433,243.626
27.1885,3.86433,243.626
27.2919,3.40551,244.552
27.2919,3.40551,244.552
27.1885,4.10019,243.626
27.0552,5.29956,244.552
27.1885,6.22293,243.626
27.1885,7.40223,243.626
27.1885,7.63809,243.626
27.2919,8.61416,244.552
27.2919,8.85091,244.552
27.2919,9.56118,244.552
27.2919,9.56118,244.552
27.2919,10.745,244.552
27.2919,10.745,244.552
27.4244,10.9401,243.626
27.2919,10.9817,244.552
27.4244,9.99669,243.626
27.4244,8.81739,243.626
27.4244,7.40223,243.626
27.4244,4.57191,243.626
27.1885,4.57191,243.626
27.1885,4.57191,243.626
27.1885,3.62847,243.626
27.1885,3.15675,243.626
27.1885,1.97745,243.626
27.1885,1.74159,243.626
27.2919,1.98497,244.552
27.2919,1.98497,244.552
27.2919,2.22172,244.552
27.4244,2.68503,243.626
27.4244,3.15675,243.626
27.4244,3.39261,243.626
27.4244,3.39261,243.626
27.4244,3.62847,243.626
27.4244,4.57191,243.626
27.2919,4.58929,244.552
27.4244,4.57191,243.626
27.2919,4.58929,244.552
27.2919,5.0628,244.552
27.2919,4.82605,244.552
27.2919,5.0628,244.552
27.4244,5.51535,243.626
27.4244,5.51535,243.626
27.4244,5.27949,243.626
27.4244,5.27949,243.626
27.4244,5.27949,243.626
27.4244,5.27949,243.626
27.4244,5.27949,243.626
27.4244,5.27949,243.626
27.4244,5.27949,243.626
27.4244,5.27949,243.626
27.4244,5.27949,243.626
27.4244,5.27949,243.626
27.4244,5.27949,243.626
27.4244,5.51535,243.626
27.4244,5.27949,243.626
27.4244,4.80777,243.626
27.4244,4.80777,243.626
27.4244,5.04363,243.626
27.4244,5.27949,243.626
27.4244,4.80777,243.626
27.4244,4.80777,243.626
27.4244,4.80777,243.626
27.4244,4.80777,243.626
27.4244,4.80777,243.626
27.4244,4.57191,243.626
27.4244,4.57191,243.626
27.4244,4.57191,243.626
27.4244,4.57191,243.626
27.4244,4.57191,243.626
27.4244,4.57191,243.626
27.4244,4.57191,243.626
27.4244,3.86433,243.626
27.4244,3.86433,243.626
27.4244,3.86433,243.626
27.4244,3.15675,243.626
27.4244,3.15675,243.626
27.4244,2.92089,243.626
27.2919,2.69524,244.552
27.2919,2.69524,244.552
27.1885,2.92089,243.626
27.1885,2.68503,243.626
27.1885,2.68503,243.626
27.1885,2.44917,243.626
27.1885,3.62847,243.626
27.1885,4.10019,243.626
27.1885,4.33605,243.626
27.2919,5.29956,244.552
27.4244,7.40223,243.626
27.4244,8.34567,243.626
27.4244,9.05325,243.626
27.2919,11.2185,244.552
27.2919,11.2185,244.552
27.1885,11.4118,243.626
27.2919,11.4552,244.552
27.2919,11.2185,244.552
27.1885,10.9401,243.626
27.2919,10.0347,244.552
27.2919,9.56118,244.552
27.1885,9.28911,243.626
27.1885,8.34567,243.626
27.1885,7.16637,243.626
27.0552,6.7201,244.552
27.0552,5.77307,244.552
27.0552,5.0628,244.552
27.1885,4.33605,243.626
27.0552,4.58929,244.552
27.0552,4.82605,244.552
27.0552,5.0628,244.552
27.0552,5.29956,244.552
27.0552,5.77307,244.552
27.0552,6.48334,244.552
27.0552,6.7201,244.552
27.0552,7.43037,244.552
27.0552,7.90388,244.552
27.1885,8.34567,243.626
27.0552,8.61416,244.552
27.1885,8.81739,243.626
27.2919,5.53632,244.552
27.2919,6.7201,244.552
27.4244,7.87395,243.626
27.4244,7.40223,243.626
27.5287,7.43037,244.552
27.5287,7.43037,244.552
27.5287,7.90388,244.552
27.6603,7.87395,243.626
27.6603,7.87395,243.626
27.6603,7.63809,243.626
27.7654,7.43037,244.552
27.7654,7.19361,244.552
27.6603,4.57191,243.626
27.6603,4.33605,243.626
27.6603,3.15675,243.626
27.6603,1.74159,243.626
27.5287,1.12767,244.552
27.4244,2.68503,243.626
27.4244,2.68503,243.626
27.4244,2.92089,243.626
27.4244,4.57191,243.626
27.4244,4.33605,243.626
27.4244,4.33605,243.626
27.5287,4.58929,244.552
27.5287,4.58929,244.552
27.5287,4.35253,244.552
27.5287,4.58929,244.552
27.6603,4.57191,243.626
27.5287,4.58929,244.552
27.5287,5.29956,244.552
27.5287,5.0628,244.552
27.5287,5.53632,244.552
27.4244,5.75121,243.626
27.4244,6.22293,243.626
27.4244,6.45879,243.626
27.4244,6.45879,243.626
27.4244,6.22293,243.626
27.4244,5.98707,243.626
27.4244,6.22293,243.626
27.4244,6.45879,243.626
27.4244,6.22293,243.626
27.4244,6.22293,243.626
27.4244,6.22293,243.626
27.4244,6.45879,243.626
27.4244,6.45879,243.626
27.4244,6.45879,243.626
27.4244,6.45879,243.626
27.4244,6.45879,243.626
27.4244,6.69465,243.626
27.4244,6.69465,243.626
27.4244,6.45879,243.626
27.4244,6.45879,243.626
27.4244,6.45879,243.626
27.4244,6.69465,243.626
27.4244,6.69465,243.626
27.4244,6.45879,243.626
27.4244,6.22293,243.626
27.4244,6.45879,243.626
27.4244,6.69465,243.626
27.4244,6.69465,243.626
27.4244,6.45879,243.626
27.4244,6.45879,243.626
27.4244,6.45879,243.626
27.4244,6.22293,243.626
27.4244,6.45879,243.626
27.4244,6.45879,243.626
27.4244,6.22293,243.626
27.5287,6.24659,244.552
27.4244,6.22293,243.626
27.4244,6.22293,243.626
27.5287,6.00983,244.552
27.5287,5.77307,244.552
27.4244,5.98707,243.626
27.4244,5.98707,243.626
27.5287,5.77307,244.552
27.5287,5.77307,244.552
27.4244,5.75121,243.626
27.4244,5.51535,243.626
27.4244,5.51535,243.626
27.5287,5.53632,244.552
27.4244,5.51535,243.626
27.4244,5.27949,243.626
27.5287,5.29956,244.552
27.5287,5.53632,244.552
27.5287,5.53632,244.552
27.5287,5.29956,244.552
27.5287,5.29956,244.552
27.5287,5.29956,244.552
27.5287,5.0628,244.552
27.5287,5.0628,244.552
27.5287,5.0628,244.552
27.5287,5.0628,244.552
27.5287,5.0628,244.552
27.5287,5.0628,244.552
27.5287,5.29956,244.552
27.5287,5.29956,244.552
27.5287,5.0628,244.552
27.5287,4.82605,244.552
27.5287,4.82605,244.552
27.5287,5.29956,244.552
27.4244,4.80777,243.626
27.4244,4.80777,243.626
27.5287,4.82605,244.552
27.5287,4.82605,244.552
27.4244,4.80777,243.626
27.4244,4.57191,243.626
27.5287,4.58929,244.552
27.4244,4.57191,243.626
27.4244,4.80777,243.626
27.4244,5.04363,243.626
27.4244,4.57191,243.626
27.4244,4.57191,243.626
27.4244,4.33605,243.626
27.4244,4.57191,243.626
27.4244,4.33605,243.626
27.4244,4.10019,243.626
27.4244,3.86433,243.626
27.4244,3.62847,243.626
27.4244,3.39261,243.626
27.4244,3.15675,243.626
27.2919,3.64226,244.552
27.1885,4.33605,243.626
27.1885,4.80777,243.626
27.4244,5.27949,243.626
27.4244,7.87395,243.626
27.5287,8.85091,244.552
27.5287,8.85091,244.552
27.5287,9.79794,244.552
27.5287,10.0347,244.552
27.5287,10.2715,244.552
27.4244,10.9401,243.626
27.4244,11.8836,243.626
27.4244,11.8836,243.626
27.7654,6.48334,244.552
27.7654,6.48334,244.552
27.7654,7.66713,244.552
27.6603,7.16637,243.626
27.6603,6.22293,243.626
27.6603,5.75121,243.626
27.6603,5.75121,243.626
27.4244,5.27949,243.626
27.4244,5.27949,243.626
27.5287,4.58929,244.552
27.4244,3.86433,243.626
27.4244,3.62847,243.626
27.4244,3.86433,243.626
27.4244,3.86433,243.626
27.2919,4.35253,244.552
27.1885,4.80777,243.626
27.1885,5.75121,243.626
27.0552,5.53632,244.552
27.0552,6.7201,244.552
26.9527,6.69465,243.626
27.0552,6.24659,244.552
27.0552,6.7201,244.552
27.0552,7.19361,244.552
27.0552,7.43037,244.552
27.0552,7.43037,244.552
27.0552,7.66713,244.552
27.4244,7.40223,243.626
27.2919,6.48334,244.552
27.4244,6.69465,243.626
27.4244,6.69465,243.626
27.5287,7.43037,244.552
27.6603,8.10981,243.626
27.5287,7.90388,244.552
27.5287,7.43037,244.552
27.5287,7.43037,244.552
27.6603,7.87395,243.626
27.6603,7.87395,243.626
27.7654,7.66713,244.552
27.7654,7.43037,244.552
27.7654,6.48334,244.552
27.6603,4.33605,243.626
27.6603,3.39261,243.626
27.6603,0.762289,243.626
27.5287,1.22767,244.552
27.1885,4.57191,243.626
27.4244,2.92089,243.626
27.4244,4.33605,243.626
27.4244,4.10019,243.626
27.4244,4.33605,243.626
27.4244,4.33605,243.626
27.4244,4.57191,243.626
27.5287,3.87902,244.552
27.6603,4.10019,243.626
27.5287,4.82605,244.552
27.5287,4.58929,244.552
27.6603,5.04363,243.626
27.5287,5.53632,244.552
27.5287,5.53632,244.552
27.5287,6.24659,244.552
27.5287,5.77307,244.552
27.5287,5.77307,244.552
27.5287,5.77307,244.552
27.5287,5.77307,244.552
27.5287,5.77307,244.552
27.5287,5.77307,244.552
27.5287,5.53632,244.552
27.5287,5.53632,244.552
27.5287,5.77307,244.552
27.5287,6.00983,244.552
27.5287,6.00983,244.552
27.5287,6.00983,244.552
27.5287,5.77307,244.552
27.5287,6.00983,244.552
27.5287,6.00983,244.552
27.5287,6.00983,244.552
27.5287,6.00983,244.552
27.5287,6.24659,244.552
27.5287,6.00983,244.552
27.5287,5.77307,244.552
27.5287,6.24659,244.552
27.5287,6.24659,244.552
27.5287,5.77307,244.552
27.5287,6.00983,244.552
27.5287,6.48334,244.552
27.5287,6.48334,244.552
27.5287,6.24659,244.552
27.5287,6.48334,244.552
27.5287,6.7201,244.552
27.5287,6.48334,244.552
27.5287,6.00983,244.552
27.5287,6.24659,244.552
27.5287,6.48334,244.552
27.5287,6.24659,244.552
27.5287,6.00983,244.552
27.5287,6.24659,244.552
27.5287,6.48334,244.552
27.5287,6.00983,244.552
27.5287,6.00983,244.552
27.5287,6.24659,244.552
27.5287,6.24659,244.552
27.5287,5.77307,244.552
27.6603,5.75121,243.626
27.5287,6.24659,244.552
27.5287,6.24659,244.552
27.5287,6.00983,244.552
27.5287,5.77307,244.552
27.5287,6.00983,244.552
27.5287,6.00983,244.552
27.5287,6.00983,244.552
27.5287,6.00983,244.552
27.5287,6.00983,244.552
27.5287,5.77307,244.552
27.5287,5.77307,244.552
27.5287,5.77307,244.552
27.5287,5.77307,244.552
27.5287,5.77307,244.552
27.5287,5.77307,244.552
27.5287,5.77307,244.552
27.5287,5.53632,244.552
27.5287,5.53632,244.552
27.5287,5.53632,244.552
27.5287,5.53632,244.552
27.5287,5.53632,244.552
27.5287,5.53632,244.552
27.5287,5.53632,244.552
27.5287,5.29956,244.552
27.5287,5.29956,244.552
27.5287,5.53632,244.552
27.5287,5.29956,244.552
27.5287,5.29956,244.552
27.5287,5.53632,244.552
27.5287,5.29956,244.552
27.5287,4.82605,244.552
27.5287,4.58929,244.552
27.5287,4.82605,244.552
27.5287,5.0628,244.552
27.5287,4.82605,244.552
27.5287,4.82605,244.552
27.5287,4.58929,244.552
27.5287,4.58929,244.552
27.5287,4.82605,244.552
27.5287,4.82605,244.552
27.5287,4.58929,244.552
27.5287,4.58929,244.552
27.4244,4.57191,243.626
27.4244,4.57191,243.626
27.4244,4.57191,243.626
27.4244,4.33605,243.626
27.4244,4.33605,243.626
27.2919,4.58929,244.552
27.4244,3.62847,243.626
27.2919,3.64226,244.552
27.2919,3.87902,244.552
27.2919,4.11578,244.552
27.1885,4.33605,243.626
27.2919,5.0628,244.552
27.4244,8.34567,243.626
27.4244,8.58153,243.626
27.4244,9.52497,243.626
27.6603,9.05325,243.626
27.5287,10.0347,244.552
27.5287,10.9817,244.552
27.4244,11.176,243.626
27.4244,12.1194,243.626
27.4244,11.8836,243.626
27.8961,4.57191,243.626
27.8961,5.75121,243.626
27.6603,6.69465,243.626
27.6603,6.69465,243.626
27.5287,6.24659,244.552
27.1885,9.28911,243.626
27.2919,6.95686,244.552
27.2919,8.3774,244.552
27.2919,9.56118,244.552
27.2919,9.32443,244.552
27.1885,7.40223,243.626
27.4244,3.15675,243.626
27.2919,2.69524,244.552
27.4244,2.21331,243.626
27.2919,2.45848,244.552
27.2919,1.98497,244.552
26.8184,6.24659,244.552
26.9527,7.16637,243.626
27.0552,9.32443,244.552
27.1885,9.76083,243.626
27.1885,10.4684,243.626
27.1885,10.2325,243.626
27.4244,5.75121,243.626
27.5287,6.48334,244.552
27.5287,7.66713,244.552
27.6603,5.98707,243.626
27.7654,6.7201,244.552
27.6603,7.40223,243.626
27.7654,7.43037,244.552
27.7654,7.19361,244.552
27.7654,6.48334,244.552
27.7654,6.48334,244.552
27.7654,6.48334,244.552
27.7654,5.0628,244.552
27.6603,4.57191,243.626
27.6603,4.57191,243.626
27.6603,4.33605,243.626
27.7654,3.64226,244.552
27.6603,3.86433,243.626
27.7654,3.16875,244.552
27.4244,3.15675,243.626
27.4244,3.62847,243.626
27.4244,3.86433,243.626
27.4244,3.86433,243.626
27.4244,3.86433,243.626
27.4244,4.33605,243.626
27.5287,4.58929,244.552
27.5287,4.58929,244.552
27.5287,5.29956,244.552
27.6603,5.27949,243.626
27.6603,4.33605,243.626
27.5287,4.82605,244.552
27.5287,4.82605,244.552
27.5287,4.82605,244.552
27.5287,5.29956,244.552
27.4244,5.75121,243.626
27.4244,5.75121,243.626
27.4244,5.75121,243.626
27.4244,5.75121,243.626
27.4244,5.98707,243.626
27.4244,5.98707,243.626
27.4244,5.98707,243.626
27.4244,5.98707,243.626
27.4244,5.98707,243.626
27.4244,5.98707,243.626
27.4244,5.98707,243.626
27.4244,5.98707,243.626
27.4244,5.98707,243.626
27.4244,6.45879,243.626
27.4244,6.69465,243.626
27.4244,6.69465,243.626
27.4244,6.22293,243.626
27.4244,6.22293,243.626
27.4244,6.69465,243.626
27.4244,6.69465,243.626
27.4244,6.45879,243.626
27.4244,6.45879,243.626
27.4244,6.69465,243.626
27.4244,6.69465,243.626
27.4244,6.45879,243.626
27.4244,6.45879,243.626
27.5287,6.48334,244.552
27.5287,6.7201,244.552
27.5287,6.7201,244.552
27.5287,6.48334,244.552
27.5287,6.48334,244.552
27.5287,6.7201,244.552
27.5287,6.7201,244.552
27.5287,6.7201,244.552
27.5287,6.7201,244.552
27.5287,7.19361,244.552
27.5287,7.19361,244.552
27.5287,7.19361,244.552
27.4244,7.16637,243.626
27.1885,6.69465,243.626
27.4244,3.39261,243.626
27.2919,4.58929,244.552
27.2919,4.58929,244.552
27.2919,4.11578,244.552
27.2919,4.35253,244.552
27.4244,7.40223,243.626
27.4244,5.51535,243.626
27.4244,5.75121,243.626
27.4244,5.75121,243.626
27.4244,5.75121,243.626
27.5287,1.98497,244.552
27.5287,2.69524,244.552
27.5287,1.98497,244.552
27.6603,1.03401,243.626
27.6603,1.03401,243.626
27.6603,6.22293,243.626
27.5287,4.82605,244.552
27.4244,4.80777,243.626
27.4244,4.57191,243.626
27.4244,4.57191,243.626
27.2919,4.58929,244.552
27.2919,4.82605,244.552
27.2919,4.82605,244.552
27.4244,3.62847,243.626
27.2919,3.87902,244.552
27.4244,3.62847,243.626
27.2919,4.11578,244.552
27.1885,4.57191,243.626
27.2919,4.58929,244.552
27.2919,5.0628,244.552
27.4244,6.69465,243.626
27.6603,8.10981,243.626
27.6603,8.34567,243.626
27.5287,10.745,244.552
27.4244,11.176,243.626
27.4244,10.7043,243.626
27.4244,11.6477,243.626
27.4244,11.4118,243.626
27.8961,5.04363,243.626
27.8961,5.51535,243.626
27.6603,8.10981,243.626
27.7654,8.85091,244.552
27.7654,6.7201,244.552
27.8961,5.98707,243.626
27.8961,6.22293,243.626
27.6603,6.69465,243.626
27.5287,5.29956,244.552
27.5287,5.29956,244.552
27.6603,5.04363,243.626
27.5287,5.29956,244.552
27.5287,5.29956,244.552
27.5287,5.29956,244.552
27.5287,4.82605,244.552
27.5287,4.58929,244.552
27.5287,4.35253,244.552
27.5287,4.58929,244.552
27.5287,4.58929,244.552
27.5287,4.35253,244.552
27.1885,7.87395,243.626
27.1885,5.98707,243.626
27.1885,4.57191,243.626
27.0552,5.77307,244.552
26.9527,5.27949,243.626
26.9527,7.40223,243.626
26.9527,7.40223,243.626
26.9527,9.05325,243.626
26.9527,7.40223,243.626
26.9527,7.40223,243.626
27.5287,4.11578,244.552
27.5287,6.24659,244.552
27.6603,7.87395,243.626
27.6603,7.87395,243.626
27.7654,8.14064,244.552
27.4244,13.5346,243.626
27.5287,11.2185,244.552
27.5287,11.9287,244.552
27.5287,11.9287,244.552
27.6603,11.6477,243.626
28.0258,3.61478,242.706
28.132,4.10019,243.626
27.8961,3.15675,243.626
27.8961,-0.381151,243.626
27.6603,-0.145291,243.626
27.4244,5.04363,243.626
26.481,3.86433,243.626
27.6603,1.74159,243.626
27.1885,4.33605,243.626
27.5287,4.58929,244.552
27.5287,4.58929,244.552
28.4757,3.87902,244.552
27.7654,1.03794,244.552
27.4244,1.97745,243.626
27.5287,5.29956,244.552
27.4244,4.80777,243.626
26.481,5.98707,243.626
27.5287,6.48334,244.552
27.4244,6.22293,243.626
27.4244,6.22293,243.626
27.5287,6.24659,244.552
28.2389,5.77307,244.552
28.4757,5.29956,244.552
28.3678,2.92089,243.626
28.3678,2.44917,243.626
28.3678,3.62847,243.626
26.6498,-4.57464,240.888
26.7168,6.93051,243.626
26.8184,8.3774,244.552
26.5816,8.3774,244.552
26.9527,7.40223,243.626
28.7307,-7.42881,242.706
